Name,BACL,BBYS,BCAL,BCIN,BCON,BDEW,BELL,BGAL,BGLO,BHYA,BNAR,BPAE,BPOR,BSIN,BSQU,BTUL,SCEP
OG0001116,1,0,0,0,0,0,0,0,0,0,0,0,0,0,0,0,0
OG0001117,1,0,0,0,0,0,0,0,0,0,0,0,0,0,0,0,0
OG0001118,1,0,0,0,0,0,0,0,0,0,0,0,0,0,0,0,0
OG0001119,1,0,0,0,0,0,0,0,0,0,0,0,0,0,0,0,0
OG0001120,1,0,0,0,0,0,0,0,0,0,0,0,0,0,0,0,0
OG0001121,1,0,0,0,0,0,0,0,0,0,0,0,0,0,0,0,0
OG0001122,1,0,0,0,0,0,0,0,0,0,0,0,0,0,0,0,0
OG0001123,1,0,0,0,0,0,0,0,0,0,0,0,0,0,0,0,0
OG0001124,1,0,0,0,0,0,0,0,0,0,0,0,0,0,0,0,0
OG0001125,1,0,0,0,0,0,0,0,0,0,0,0,0,0,0,0,0
OG0001126,1,0,0,0,0,0,0,0,0,0,0,0,0,0,0,0,0
OG0001127,1,0,0,0,0,0,0,0,0,0,0,0,0,0,0,0,0
OG0001128,1,0,0,0,0,0,0,0,0,0,0,0,0,0,0,0,0
OG0001129,1,1,0,0,0,0,0,0,0,0,0,0,0,0,0,0,0
OG0001130,1,0,0,0,0,0,0,0,0,0,0,0,0,0,0,0,0
OG0001131,1,0,0,0,0,0,0,0,0,0,0,0,0,0,0,0,0
OG0001132,1,0,0,0,0,0,0,0,0,0,0,0,0,0,0,0,0
OG0001133,1,0,0,0,0,0,0,0,0,0,0,0,0,0,0,0,0
OG0001134,1,0,0,0,0,0,0,0,0,0,0,0,0,0,0,0,0
OG0001135,1,0,0,0,0,0,0,0,0,0,0,0,0,0,0,0,0
OG0001136,1,0,0,0,0,0,0,0,0,0,0,0,0,0,0,0,0
OG0001137,1,0,0,0,0,0,0,0,0,0,0,0,0,0,0,0,0
OG0001138,1,0,0,0,0,0,0,0,0,0,0,0,0,0,0,0,0
OG0001139,1,0,0,0,0,0,0,0,0,0,0,0,0,0,0,0,0
OG0001140,1,0,0,0,0,0,0,0,0,0,0,0,0,0,0,0,0
OG0001141,1,0,0,0,0,0,0,0,0,0,0,0,0,0,0,0,0
OG0001142,1,0,0,0,0,0,0,0,0,0,0,0,0,0,0,0,0
OG0001143,1,0,0,0,0,0,0,0,0,0,0,0,0,0,0,0,0
OG0001144,1,0,0,0,0,0,0,0,0,0,0,0,0,0,0,0,0
OG0001145,0,1,0,0,0,0,0,0,0,0,0,0,0,0,0,0,0
OG0001146,0,1,0,0,0,0,0,0,0,0,0,0,0,0,0,0,0
OG0001147,0,1,0,0,0,0,0,0,0,0,0,0,0,0,0,0,0
OG0001148,0,1,0,0,0,0,0,0,0,0,0,0,0,0,0,0,0
OG0001149,0,1,0,0,0,0,0,0,0,0,0,0,0,0,0,0,0
OG0001150,0,1,0,0,0,0,0,0,0,0,0,0,0,0,0,0,0
OG0001151,0,1,0,0,0,0,0,0,0,0,0,0,0,0,0,0,0
OG0001152,0,1,0,0,0,0,0,0,0,0,0,0,0,0,0,0,0
OG0001153,0,1,0,0,0,0,0,0,0,0,0,0,0,0,0,0,0
OG0001154,0,1,0,0,0,0,0,0,0,0,0,0,0,0,0,0,0
OG0001155,0,1,0,0,0,0,0,0,0,0,0,0,0,0,0,0,0
OG0001156,0,1,0,0,0,0,0,0,0,0,0,0,0,0,0,0,0
OG0001157,0,1,0,0,0,0,0,0,0,0,0,0,0,0,0,0,0
OG0001158,0,1,0,0,0,0,0,0,0,0,0,0,0,0,0,0,0
OG0001159,0,1,0,0,0,0,0,0,0,0,0,0,0,0,0,0,0
OG0001160,0,1,0,0,0,0,0,0,0,0,0,0,0,0,0,0,0
OG0001161,0,1,0,0,0,0,0,0,0,0,0,0,0,0,0,0,0
OG0001162,0,1,0,0,0,0,0,0,0,0,0,0,0,0,0,0,0
OG0001163,0,1,0,0,0,0,0,0,0,0,0,0,0,0,0,0,0
OG0001164,0,1,0,0,0,0,0,0,0,0,0,0,0,0,0,0,0
OG0001165,0,1,0,0,0,0,0,0,0,0,0,0,0,0,0,0,0
OG0001166,0,1,0,0,0,0,0,0,0,0,0,0,0,0,0,0,0
OG0001167,0,1,0,0,0,0,0,0,0,0,0,0,0,0,0,0,0
OG0001168,0,1,0,0,0,0,0,0,0,0,0,0,0,0,0,0,0
OG0001169,0,1,0,0,0,0,0,0,0,0,0,0,0,0,0,0,0
OG0001170,0,1,0,0,0,0,0,0,0,0,0,0,0,0,0,0,0
OG0001171,0,1,0,0,0,0,0,0,0,0,0,0,0,0,0,0,0
OG0001172,0,1,0,0,0,0,0,0,0,0,0,0,0,0,0,0,0
OG0001173,0,1,0,0,0,0,0,0,0,0,0,0,0,0,0,0,0
OG0001174,0,0,1,0,0,0,0,0,0,0,0,0,0,0,0,0,0
OG0001175,0,0,1,0,0,0,0,0,0,0,0,0,0,0,0,0,0
OG0001176,0,0,1,0,0,0,0,0,0,0,0,0,0,0,0,0,0
OG0001177,0,0,1,0,0,0,0,0,0,0,0,0,0,0,0,0,0
OG0001178,0,0,1,0,0,0,0,0,0,0,0,0,0,0,0,0,0
OG0001179,0,0,1,0,0,0,0,0,0,0,0,0,0,0,0,0,0
OG0001180,0,0,1,0,0,0,0,0,0,0,0,0,0,0,0,0,0
OG0001181,0,0,1,0,0,0,0,0,0,0,0,0,0,0,0,0,0
OG0001182,0,0,1,0,0,0,0,0,0,0,0,0,0,0,0,0,0
OG0001183,0,0,1,0,0,0,0,0,0,0,0,0,0,0,0,0,0
OG0001184,0,0,1,0,0,0,0,0,0,0,0,0,0,0,0,0,0
OG0001185,0,0,1,0,0,0,0,0,0,0,0,0,0,0,0,0,0
OG0001186,0,0,1,0,0,0,0,0,0,0,0,0,0,0,0,0,0
OG0001187,0,0,1,0,0,0,0,0,0,0,0,0,0,0,0,0,0
OG0001188,0,0,1,0,0,0,0,0,0,0,0,0,0,0,0,0,0
OG0001189,0,0,1,0,0,0,0,0,0,0,0,0,0,0,0,0,0
OG0001190,0,0,1,0,0,0,0,0,0,0,0,0,0,0,0,0,0
OG0001191,0,0,1,0,0,0,0,0,0,0,0,0,0,0,0,0,0
OG0001192,0,0,1,0,0,0,0,0,0,0,0,0,0,0,0,0,0
OG0001193,0,0,1,0,0,0,0,0,0,0,0,0,0,0,0,0,0
OG0001194,0,0,1,0,0,0,0,0,0,0,0,0,0,0,0,0,0
OG0001195,0,0,1,0,0,0,0,0,0,0,0,0,0,0,0,0,0
OG0001196,0,0,1,0,0,0,0,0,0,0,0,0,0,0,0,0,0
OG0001197,0,0,1,0,0,0,0,0,0,0,0,0,0,0,0,0,0
OG0001198,0,0,1,0,0,0,0,0,0,0,0,0,0,0,0,0,0
OG0001199,0,0,1,0,0,0,0,0,0,0,0,0,0,0,0,0,0
OG0001200,0,0,1,0,0,0,0,0,0,0,0,0,0,0,0,0,0
OG0001201,0,0,1,0,0,0,0,0,0,0,0,0,0,0,0,0,0
OG0001202,0,0,1,0,0,0,0,0,0,0,0,0,0,0,0,0,0
OG0001203,0,0,1,0,0,0,0,0,0,0,0,0,0,0,0,0,0
OG0001204,0,0,1,0,0,0,0,0,0,0,0,0,0,0,0,0,0
OG0001205,0,0,1,0,0,0,0,0,0,0,0,0,0,0,0,0,0
OG0001206,0,0,1,0,0,0,0,0,0,0,0,0,0,0,0,0,0
OG0001207,0,0,1,0,0,0,0,0,0,0,0,0,0,0,0,0,0
OG0001208,0,0,1,0,0,0,0,0,0,0,0,0,0,0,0,0,0
OG0001209,0,0,1,0,0,0,0,0,0,0,0,0,0,0,0,0,0
OG0001210,0,0,1,0,0,0,0,0,0,0,0,0,0,0,0,0,0
OG0001211,0,0,1,0,0,0,0,0,0,0,0,0,0,0,0,0,0
OG0001212,0,0,1,0,0,0,0,0,0,0,0,0,0,0,0,0,0
OG0001213,0,0,0,0,0,0,0,0,0,0,0,0,0,0,0,0,1
OG0001214,0,0,0,0,0,0,0,0,0,0,0,0,0,0,0,0,1
OG0001215,0,0,0,0,0,0,0,0,0,0,0,0,0,0,0,0,1
OG0001216,0,0,0,0,0,0,0,0,0,0,0,0,0,0,0,0,1
OG0001217,0,0,0,0,0,0,0,0,0,0,0,0,0,0,0,0,1
OG0001218,0,0,0,0,0,0,0,0,0,0,0,0,0,0,0,0,1
OG0001219,0,0,0,0,0,0,0,0,0,0,0,0,0,0,0,0,1
OG0001220,0,0,0,0,0,0,0,0,0,0,0,0,0,0,0,0,1
OG0001221,0,0,0,0,0,0,0,0,0,0,0,0,0,0,0,0,1
OG0001222,0,0,0,0,0,0,0,0,0,0,0,0,0,0,0,0,1
OG0001223,0,0,0,0,0,0,0,0,0,0,0,0,0,0,0,0,1
OG0001224,0,0,0,0,0,0,0,0,0,0,0,0,0,0,0,0,1
OG0001225,0,0,0,0,0,0,0,0,0,0,0,0,0,0,0,0,1
OG0001226,0,0,0,0,0,0,0,0,0,0,0,0,0,0,0,0,1
OG0001227,0,0,0,0,0,0,0,0,0,0,0,0,0,0,0,0,1
OG0001228,0,0,0,0,0,0,0,0,0,0,0,0,0,0,0,0,1
OG0001229,0,0,0,0,0,0,0,0,0,0,0,0,0,0,0,0,1
OG0001230,0,0,0,0,0,0,0,0,0,0,0,0,0,0,0,0,1
OG0001231,0,0,0,0,0,0,0,0,0,0,0,0,0,0,0,0,1
OG0001232,0,0,0,0,0,0,0,0,0,0,0,0,0,0,0,0,1
OG0001233,0,0,0,0,0,0,0,0,0,0,0,0,0,0,0,0,1
OG0001234,0,0,0,0,0,0,0,0,0,0,0,0,0,0,0,0,1
OG0001235,0,0,0,0,0,0,0,0,0,0,0,0,0,0,0,0,1
OG0001236,0,0,0,0,0,0,0,0,0,0,0,0,0,0,0,0,1
OG0001237,0,0,0,0,0,0,0,0,0,0,0,0,0,0,0,0,1
OG0001238,0,0,0,0,0,0,0,0,0,0,0,0,0,0,0,0,1
OG0001239,0,0,0,0,0,0,0,0,0,0,0,0,0,0,0,0,1
OG0001240,0,0,0,0,0,0,0,0,0,0,0,0,0,0,0,0,1
OG0001241,0,0,0,0,0,0,0,0,0,0,0,0,0,0,0,0,1
OG0001242,0,0,0,0,0,0,0,0,0,0,0,0,0,0,0,0,1
OG0001243,0,0,0,0,0,0,0,0,0,0,0,0,0,0,0,0,1
OG0001244,0,0,0,0,0,0,0,0,0,0,0,0,0,0,0,0,1
OG0001245,0,0,0,0,0,0,0,0,0,0,0,0,0,0,0,0,1
OG0001246,0,0,0,0,0,0,0,0,0,0,0,0,0,0,0,0,1
OG0001247,0,0,0,0,0,0,0,0,0,0,0,0,0,0,0,0,1
OG0001248,0,0,0,0,0,0,0,0,0,0,0,0,0,0,0,0,1
OG0001249,0,0,0,0,0,0,0,0,0,0,0,0,0,0,0,0,1
OG0001250,0,0,0,0,0,0,0,0,0,0,0,0,0,0,0,0,1
OG0001251,0,0,0,0,0,0,0,0,0,0,0,0,0,0,0,0,1
OG0001252,0,0,0,0,0,0,0,0,0,0,0,0,0,0,0,0,1
OG0001253,0,0,0,0,0,0,0,0,0,0,0,0,0,0,0,0,1
OG0001254,0,0,0,0,0,0,0,0,0,0,0,0,0,0,0,0,1
OG0001255,0,0,0,0,0,0,0,0,0,0,0,0,0,0,0,0,1
OG0001256,0,0,0,0,0,0,0,0,0,0,0,0,0,0,0,0,1
OG0001257,0,0,0,0,0,0,0,0,0,0,0,0,0,0,0,0,1
OG0001258,0,0,0,0,0,0,0,0,0,0,0,0,0,0,0,0,1
OG0001259,0,0,0,0,0,0,0,0,0,0,0,0,0,0,0,0,1
OG0001260,0,0,0,0,0,0,0,0,0,0,0,0,0,0,0,0,1
OG0001261,0,0,0,0,0,0,0,0,0,0,0,0,0,0,0,0,1
OG0001262,0,0,0,0,0,0,0,0,0,0,0,0,0,0,0,0,1
OG0001263,0,0,0,0,0,0,0,0,0,0,0,0,0,0,0,0,1
OG0001264,0,0,0,0,0,0,0,0,0,0,0,0,0,0,0,0,1
OG0001265,0,0,0,0,0,0,0,0,0,0,0,0,0,0,0,0,1
OG0001266,0,0,0,0,0,0,0,0,0,0,0,0,0,0,0,0,1
OG0001267,0,0,0,0,0,0,0,0,0,0,0,0,0,0,0,0,1
OG0001268,0,0,0,0,0,0,0,0,0,0,0,0,0,0,0,0,1
OG0001269,0,0,0,0,0,0,0,0,0,0,0,0,0,0,0,0,1
OG0001270,0,0,0,0,0,0,0,0,0,0,0,0,0,0,0,0,1
OG0001271,0,0,0,0,0,0,0,0,0,0,0,0,0,0,0,0,1
OG0001272,0,0,0,0,0,0,0,0,0,0,0,0,0,0,0,0,1
OG0001273,0,0,0,0,0,0,0,0,0,0,0,0,0,0,0,0,1
OG0001274,0,0,0,0,0,0,0,0,0,0,0,0,0,0,0,0,1
OG0001275,0,0,0,0,0,0,0,0,0,0,0,0,0,0,0,0,1
OG0001276,0,0,0,0,0,0,0,0,0,0,0,0,0,0,0,0,1
OG0001277,0,0,0,0,0,0,0,0,0,0,0,0,0,0,0,0,1
OG0001278,0,0,0,0,0,0,0,0,0,0,0,0,0,0,0,0,1
OG0001279,0,0,0,0,0,0,0,0,0,0,0,0,0,0,0,0,1
OG0001280,0,0,0,0,0,0,0,0,0,0,0,0,0,0,0,0,1
OG0001281,0,0,0,0,0,0,0,0,0,0,0,0,0,0,0,0,1
OG0001282,0,0,0,0,0,0,0,0,0,0,0,0,0,0,0,0,1
OG0001283,0,0,0,0,0,0,0,0,0,0,0,0,0,0,0,0,1
OG0001284,0,0,0,0,0,0,0,0,0,0,0,0,0,0,0,0,1
OG0001285,0,0,0,0,0,0,0,0,0,0,0,0,0,0,0,0,1
OG0001286,0,0,0,0,0,0,0,0,0,0,0,0,0,0,0,0,1
OG0001287,0,0,0,0,0,0,0,0,0,0,0,0,0,0,0,0,1
OG0001288,0,0,0,0,0,0,0,0,0,0,0,0,0,0,0,0,1
OG0001289,0,0,0,0,0,0,0,0,0,0,0,0,0,0,0,0,1
OG0001290,0,0,0,0,0,0,0,0,0,0,0,0,0,0,0,0,1
OG0001291,0,0,0,0,0,0,0,0,0,0,0,0,0,0,0,0,1
OG0001292,0,0,0,0,0,0,0,0,0,0,0,0,0,0,0,0,1
OG0001293,0,0,0,0,0,0,0,0,0,0,0,0,0,0,0,0,1
OG0001294,0,0,0,0,0,0,0,0,0,0,0,0,0,0,0,0,1
OG0001295,0,0,0,0,0,0,0,0,0,0,0,0,0,0,0,0,1
OG0001296,0,0,0,1,0,0,0,0,0,0,0,0,0,0,0,0,0
OG0001297,0,0,0,1,0,0,0,0,0,0,0,0,0,0,0,0,0
OG0001298,0,0,0,1,0,0,0,0,0,0,0,0,0,0,0,0,0
OG0001299,0,0,0,1,0,0,0,0,0,0,0,0,0,0,0,0,0
OG0001300,0,0,0,1,0,0,0,0,0,0,0,0,0,0,0,0,0
OG0001301,0,0,0,1,0,0,0,0,0,0,0,0,0,0,0,0,0
OG0001302,0,0,0,1,0,0,0,0,0,0,0,0,0,0,0,0,0
OG0001303,0,0,0,1,0,0,0,0,0,0,0,0,0,0,0,0,0
OG0001304,0,0,0,1,0,0,0,0,0,0,0,0,0,0,0,0,0
OG0001305,0,0,0,1,0,0,0,0,0,0,0,0,0,0,0,0,0
OG0001306,0,0,0,1,0,0,0,0,0,0,0,0,0,0,0,0,0
OG0001307,0,0,0,1,0,0,0,0,0,0,0,0,0,0,0,0,0
OG0001308,0,0,0,1,0,0,0,0,0,0,0,0,0,0,0,0,0
OG0001309,0,0,0,1,0,0,0,0,0,0,0,0,0,0,0,0,0
OG0001310,0,0,0,1,0,0,0,0,0,0,0,0,0,0,0,0,0
OG0001311,0,0,0,1,0,0,0,0,0,0,0,0,0,0,0,0,0
OG0001312,0,0,0,1,0,0,0,0,0,0,0,0,0,0,0,0,0
OG0001313,0,0,0,1,0,0,0,0,0,0,0,0,0,0,0,0,0
OG0001314,0,0,0,1,0,0,0,0,0,0,0,0,0,0,0,0,0
OG0001315,0,0,0,1,0,0,0,0,0,0,0,0,0,0,0,0,0
OG0001316,0,0,0,1,0,0,0,0,0,0,0,0,0,0,0,0,0
OG0001317,0,0,0,1,0,0,0,0,0,0,0,0,0,0,0,0,0
OG0001318,0,0,0,1,0,0,0,0,0,0,0,0,0,0,0,0,0
OG0001319,0,0,0,1,0,0,0,0,0,0,0,0,0,0,0,0,0
OG0001320,0,0,0,1,0,0,0,0,0,0,0,0,0,0,0,0,0
OG0001321,0,0,0,1,0,0,0,0,0,0,0,0,0,0,0,0,0
OG0001322,0,0,0,1,0,0,0,0,0,0,0,0,0,0,0,0,0
OG0001323,0,0,0,1,0,0,0,0,0,0,0,0,0,0,0,0,0
OG0001324,0,0,0,1,0,0,0,0,0,0,0,0,0,0,0,0,0
OG0001325,0,0,0,1,0,0,0,0,0,0,0,0,0,0,0,0,0
OG0001326,0,0,0,1,0,0,0,0,0,0,0,0,0,0,0,0,0
OG0001327,0,0,0,1,0,0,0,0,0,0,0,0,0,0,0,0,0
OG0001328,0,0,0,0,1,0,0,0,0,0,0,0,0,0,0,0,0
OG0001329,0,0,0,0,1,0,0,0,0,0,0,0,0,0,0,0,0
OG0001330,0,0,0,0,1,0,0,0,0,0,0,0,0,0,0,0,0
OG0001331,0,0,0,0,1,0,0,0,0,0,0,0,0,0,0,0,0
OG0001332,0,0,0,0,1,0,0,0,0,0,0,0,0,0,0,0,0
OG0001333,0,0,0,0,1,0,0,0,0,0,0,0,0,0,0,0,0
OG0001334,0,0,0,0,1,0,0,0,0,0,0,0,0,0,0,0,0
OG0001335,0,0,0,0,1,0,0,0,0,0,0,0,0,0,0,0,0
OG0001336,0,0,0,0,1,0,0,0,0,0,0,0,0,0,0,0,0
OG0001337,0,0,0,0,1,0,0,0,0,0,0,0,0,0,0,0,0
OG0001338,0,0,0,0,1,0,0,0,0,0,0,0,0,0,0,0,0
OG0001339,0,0,0,0,1,0,0,0,0,0,0,0,0,0,0,0,0
OG0001340,0,0,0,0,1,0,0,0,0,0,0,0,0,0,0,0,0
OG0001341,0,0,0,0,1,0,0,0,0,0,0,0,0,0,0,0,0
OG0001342,0,0,0,0,1,0,0,0,0,0,0,0,0,0,0,0,0
OG0001343,0,0,0,0,1,0,0,0,0,0,0,0,0,0,0,0,0
OG0001344,0,0,0,0,1,0,0,0,0,0,0,0,0,0,0,0,0
OG0001345,0,0,0,0,1,0,0,0,0,0,0,0,0,0,0,0,0
OG0001346,0,0,0,0,1,0,0,0,0,0,0,0,0,0,0,0,0
OG0001347,0,0,0,0,1,0,0,0,0,0,0,0,0,0,0,0,0
OG0001348,0,0,0,0,1,0,0,0,0,0,0,0,0,0,0,0,0
OG0001349,0,0,0,0,1,0,0,0,0,0,0,0,0,0,0,0,0
OG0001350,0,0,0,0,1,0,0,0,0,0,0,0,0,0,0,0,0
OG0001351,0,0,0,0,1,0,0,0,0,0,0,0,0,0,0,0,0
OG0001352,0,0,0,0,1,0,0,0,0,0,0,0,0,0,0,0,0
OG0001353,0,0,0,0,1,0,0,0,0,0,0,0,0,0,0,0,0
OG0001354,0,0,0,0,1,0,0,0,0,0,0,0,0,0,0,0,0
OG0001355,0,0,0,0,1,0,0,0,0,0,0,0,0,0,0,0,0
OG0001356,0,0,0,0,1,0,0,0,0,0,0,0,0,0,0,0,0
OG0001357,0,0,0,0,0,1,0,0,0,0,0,0,0,0,0,0,0
OG0001358,0,0,0,0,0,1,0,0,0,0,0,0,0,0,0,0,0
OG0001359,0,0,0,0,0,1,0,0,0,0,0,0,0,0,0,0,0
OG0001360,0,0,0,0,0,1,0,0,0,0,0,0,0,0,0,0,0
OG0001361,0,0,0,0,0,1,0,0,0,0,0,0,0,0,0,0,0
OG0001362,0,0,0,0,0,1,0,0,0,0,0,0,0,0,0,0,0
OG0001363,0,0,0,0,0,1,0,0,0,0,0,0,0,0,0,0,0
OG0001364,0,0,0,0,0,1,0,0,0,0,0,0,0,0,0,0,0
OG0001365,0,0,0,0,0,1,0,0,0,0,0,0,0,0,0,0,0
OG0001366,0,0,0,0,0,1,0,0,0,0,0,0,0,0,0,0,0
OG0001367,0,0,0,0,0,1,0,0,0,0,0,0,0,0,0,0,0
OG0001368,0,0,0,0,0,1,0,0,0,0,0,0,0,0,0,0,0
OG0001369,0,0,0,0,0,1,0,0,0,0,0,0,0,0,0,0,0
OG0001370,0,0,0,0,0,1,0,0,0,0,0,0,0,0,0,0,0
OG0001371,0,0,0,0,0,1,0,0,0,0,0,0,0,0,0,0,0
OG0001372,0,0,0,0,0,1,0,0,0,0,0,0,0,0,0,0,0
OG0001373,0,0,0,0,0,1,0,0,0,0,0,0,0,0,0,0,0
OG0001374,0,0,0,0,0,0,1,0,0,0,0,0,0,0,0,0,0
OG0001375,0,0,0,0,0,0,1,0,0,0,0,0,0,0,0,0,0
OG0001376,0,0,0,0,0,0,1,0,0,0,0,0,0,0,0,0,0
OG0001377,0,0,0,0,0,0,1,0,0,0,0,0,0,0,0,0,0
OG0001378,0,0,0,0,0,0,1,0,0,0,0,0,0,0,0,0,0
OG0001379,0,0,0,0,0,0,1,0,0,0,0,0,0,0,0,0,0
OG0001380,0,0,0,0,0,0,1,0,0,0,0,0,0,0,0,0,0
OG0001381,0,0,0,0,0,0,1,0,0,0,0,0,0,0,0,0,0
OG0001382,0,0,0,0,0,0,1,0,0,0,0,0,0,0,0,0,0
OG0001383,0,0,0,0,0,0,1,0,0,0,0,0,0,0,0,0,0
OG0001384,0,0,0,0,0,0,1,0,0,0,0,0,0,0,0,0,0
OG0001385,0,0,0,0,0,0,1,0,0,0,0,0,0,0,0,0,0
OG0001386,0,0,0,0,0,0,1,0,0,0,0,0,0,0,0,0,0
OG0001387,0,0,0,0,0,0,1,0,0,0,0,0,0,0,0,0,0
OG0001388,0,0,0,0,0,0,1,0,0,0,0,0,0,0,0,0,0
OG0001389,0,0,0,0,0,0,1,0,0,0,0,0,0,0,0,0,0
OG0001390,0,0,0,0,0,0,1,0,0,0,0,0,0,0,0,0,0
OG0001391,0,0,0,0,0,0,1,0,0,0,0,0,0,0,0,0,0
OG0001392,0,0,0,0,0,0,1,0,0,0,0,0,0,0,0,0,0
OG0001393,0,0,0,0,0,0,1,0,0,0,0,0,0,0,0,0,0
OG0001394,0,0,0,0,0,0,0,1,0,0,0,0,0,0,0,0,0
OG0001395,0,0,0,0,0,0,0,1,0,0,0,0,0,0,0,0,0
OG0001396,0,0,0,0,0,0,0,1,0,0,0,0,0,0,0,0,0
OG0001397,0,0,0,0,0,0,0,1,0,0,0,0,0,0,0,0,0
OG0001398,0,0,0,0,0,0,0,1,0,0,0,0,0,0,0,0,0
OG0001399,0,0,0,0,0,0,0,1,0,0,0,0,0,0,0,0,0
OG0001400,0,0,0,0,0,0,0,1,0,0,0,0,0,0,0,0,0
OG0001401,0,0,0,0,0,0,0,1,0,0,0,0,0,0,0,0,0
OG0001402,0,0,0,0,0,0,0,1,0,0,0,0,0,0,0,0,0
OG0001403,0,0,0,0,0,0,0,1,0,0,0,0,0,0,0,0,0
OG0001404,0,0,0,0,0,0,0,1,0,0,0,0,0,0,0,0,0
OG0001405,0,0,0,0,0,0,0,1,0,0,0,0,0,0,0,0,0
OG0001406,0,0,0,0,0,0,0,1,0,0,0,0,0,0,0,0,0
OG0001407,0,0,0,0,0,0,0,1,0,0,0,0,0,0,0,0,0
OG0001408,0,0,0,0,0,0,0,1,0,0,0,0,0,0,0,0,0
OG0001409,0,0,0,0,0,0,0,1,0,0,0,0,0,0,0,0,0
OG0001410,0,0,0,0,0,0,0,1,0,0,0,0,0,0,0,0,0
OG0001411,0,0,0,0,0,0,0,1,0,0,0,0,0,0,0,0,0
OG0001412,0,0,0,0,0,0,0,1,0,0,0,0,0,0,0,0,0
OG0001413,0,0,0,0,0,0,0,1,0,0,0,0,0,0,0,0,0
OG0001414,0,0,0,0,0,0,0,1,0,0,0,0,0,0,0,0,0
OG0001415,0,0,0,0,0,0,0,1,0,0,0,0,0,0,0,0,0
OG0001416,0,0,0,0,0,0,0,0,1,0,0,0,0,0,0,0,0
OG0001417,0,0,0,0,0,0,0,0,1,0,0,0,0,0,0,0,0
OG0001418,0,0,0,0,0,0,0,0,1,0,0,0,0,0,0,0,0
OG0001419,0,0,0,0,0,0,0,0,1,0,0,0,0,0,0,0,0
OG0001420,0,0,0,0,0,0,0,0,1,0,0,0,0,0,0,0,0
OG0001421,0,0,0,0,0,0,0,0,1,0,0,0,0,0,0,0,0
OG0001422,0,0,0,0,0,0,0,0,1,0,0,0,0,0,0,0,0
OG0001423,0,0,0,0,0,0,0,0,1,0,0,0,0,0,0,0,0
OG0001424,0,0,0,0,0,0,0,0,1,0,0,0,0,0,0,0,0
OG0001425,0,0,0,0,0,0,0,0,1,0,0,0,0,0,0,0,0
OG0001426,0,0,0,0,0,0,0,0,1,0,0,0,0,0,0,0,0
OG0001427,0,0,0,0,0,0,0,0,1,0,0,0,0,0,0,0,0
OG0001428,0,0,0,0,0,0,0,0,1,0,0,0,0,0,0,0,0
OG0001429,0,0,0,0,0,0,0,0,1,0,0,0,0,0,0,0,0
OG0001430,0,0,0,0,0,0,0,0,1,0,0,0,0,0,0,0,0
OG0001431,0,0,0,0,0,0,0,0,1,0,0,0,0,0,0,0,0
OG0001432,0,0,0,0,0,0,0,0,1,0,0,0,0,0,0,0,0
OG0001433,0,0,0,0,0,0,0,0,1,0,0,0,0,0,0,0,0
OG0001434,0,0,0,0,0,0,0,0,1,0,0,0,0,0,0,0,0
OG0001435,0,0,0,0,0,0,0,0,1,0,0,0,0,0,0,0,0
OG0001436,0,0,0,0,0,0,0,0,1,0,0,0,0,0,0,0,0
OG0001437,0,0,0,0,0,0,0,0,1,0,0,0,0,0,0,0,0
OG0001438,0,0,0,0,0,0,0,0,1,0,0,0,0,0,0,0,0
OG0001439,0,0,0,0,0,0,0,0,1,0,0,0,0,0,0,0,0
OG0001440,0,0,0,0,0,0,0,0,1,0,0,0,0,0,0,0,0
OG0001441,0,0,0,0,0,0,0,0,1,0,0,0,0,0,0,0,0
OG0001442,0,0,0,0,0,0,0,0,1,0,0,0,0,0,0,0,0
OG0001443,0,0,0,0,0,0,0,0,1,0,0,0,0,0,0,0,0
OG0001444,0,0,0,0,0,0,0,0,1,0,0,0,0,0,0,0,0
OG0001445,0,0,0,0,0,0,0,0,1,0,0,0,0,0,0,0,0
OG0001446,0,0,0,0,0,0,0,0,1,0,0,0,0,0,0,0,0
OG0001447,0,0,0,0,0,0,0,0,1,0,0,0,0,0,0,0,0
OG0001448,0,0,0,0,0,0,0,0,0,1,0,0,0,0,0,0,0
OG0001449,0,0,0,0,0,0,0,0,0,1,0,0,0,0,0,0,0
OG0001450,0,0,0,0,0,0,0,0,0,1,0,0,0,0,0,0,0
OG0001451,0,0,0,0,0,0,0,0,0,1,0,0,0,0,0,0,0
OG0001452,0,0,0,0,0,0,0,0,0,1,0,0,0,0,0,0,0
OG0001453,0,0,0,0,0,0,0,0,0,1,0,0,0,0,0,0,0
OG0001454,0,0,0,0,0,0,0,0,0,1,0,0,0,0,0,0,0
OG0001455,0,0,0,0,0,0,0,0,0,1,0,0,0,0,0,0,0
OG0001456,0,0,0,0,0,0,0,0,0,1,0,0,0,0,0,0,0
OG0001457,0,0,0,0,0,0,0,0,0,1,0,0,0,0,0,0,0
OG0001458,0,0,0,0,0,0,0,0,0,1,0,0,0,0,0,0,0
OG0001459,0,0,0,0,0,0,0,0,0,1,0,0,0,0,0,0,0
OG0001460,0,0,0,0,0,0,0,0,0,1,0,0,0,0,0,0,0
OG0001461,0,0,0,0,0,0,0,0,0,1,0,0,0,0,0,0,0
OG0001462,0,0,0,0,0,0,0,0,0,1,0,0,0,0,0,0,0
OG0001463,0,0,0,0,0,0,0,0,0,1,0,0,0,0,0,0,0
OG0001464,0,0,0,0,0,0,0,0,0,1,0,0,0,0,0,0,0
OG0001465,0,0,0,0,0,0,0,0,0,1,0,0,0,0,0,0,0
OG0001466,0,0,0,0,0,0,0,0,0,1,0,0,0,0,0,0,0
OG0001467,0,0,0,0,0,0,0,0,0,0,1,0,0,0,0,0,0
OG0001468,0,0,0,0,0,0,0,0,0,0,1,0,0,0,0,0,0
OG0001469,0,0,0,0,0,0,0,0,0,0,1,0,0,0,0,0,0
OG0001470,0,0,0,0,0,0,0,0,0,0,1,0,0,0,0,0,0
OG0001471,0,0,0,0,0,0,0,0,0,0,1,0,0,0,0,0,0
OG0001472,0,0,0,0,0,0,0,0,0,0,1,0,0,0,0,0,0
OG0001473,0,0,0,0,0,0,0,0,0,0,1,0,0,0,0,0,0
OG0001474,0,0,0,0,0,0,0,0,0,0,1,0,0,0,0,0,0
OG0001475,0,0,0,0,0,0,0,0,0,0,1,0,0,0,0,0,0
OG0001476,0,0,0,0,0,0,0,0,0,0,1,0,0,0,0,0,0
OG0001477,0,0,0,0,0,0,0,0,0,0,1,0,0,0,0,0,0
OG0001478,0,0,0,0,0,0,0,0,0,0,1,0,0,0,0,0,0
OG0001479,0,0,0,0,0,0,0,0,0,0,1,0,0,0,0,0,0
OG0001480,0,0,0,0,0,0,0,0,0,0,1,0,0,0,0,0,0
OG0001481,0,0,0,0,0,0,0,0,0,0,1,0,0,0,0,0,0
OG0001482,0,0,0,0,0,0,0,0,0,0,1,0,0,0,0,0,0
OG0001483,0,0,0,0,0,0,0,0,0,0,1,0,0,0,0,0,0
OG0001484,0,0,0,0,0,0,0,0,0,0,1,0,0,0,0,0,0
OG0001485,0,0,0,0,0,0,0,0,0,0,1,0,0,0,0,0,0
OG0001486,0,0,0,0,0,0,0,0,0,0,1,0,0,0,0,0,0
OG0001487,0,0,0,0,0,0,0,0,0,0,1,0,0,0,0,0,0
OG0001488,0,0,0,0,0,0,0,0,0,0,1,0,0,0,0,0,0
OG0001489,0,0,0,0,0,0,0,0,0,0,1,0,0,0,0,0,0
OG0001490,0,0,0,0,0,0,0,0,0,0,1,0,0,0,0,0,0
OG0001491,0,0,0,0,0,0,0,0,0,0,1,0,0,0,0,0,0
OG0001492,0,0,0,0,0,0,0,0,0,0,1,0,0,0,0,0,0
OG0001493,0,0,0,0,0,0,0,0,0,0,1,0,0,0,0,0,0
OG0001494,0,0,0,0,0,0,0,0,0,0,1,0,0,0,0,0,0
OG0001495,0,0,0,0,0,0,0,0,0,0,1,0,0,0,0,0,0
OG0001496,0,0,0,0,0,0,0,0,0,0,1,0,0,0,0,0,0
OG0001497,0,0,0,0,0,0,0,0,0,0,1,0,0,0,0,0,0
OG0001498,0,0,0,0,0,0,0,0,0,0,1,0,0,0,0,0,0
OG0001499,0,0,0,0,0,0,0,0,0,0,1,0,0,0,0,0,0
OG0001500,0,0,0,0,0,0,0,0,0,0,1,0,0,0,0,0,0
OG0001501,0,0,0,0,0,0,0,0,0,0,1,0,0,0,0,0,0
OG0001502,0,0,0,0,0,0,0,0,0,0,1,0,0,0,0,0,0
OG0001503,0,0,0,0,0,0,0,0,0,0,1,0,0,0,0,0,0
OG0001504,0,0,0,0,0,0,0,0,0,0,1,0,0,0,0,0,0
OG0001505,0,0,0,0,0,0,0,0,0,0,0,1,0,0,0,0,0
OG0001506,0,0,0,0,0,0,0,0,0,0,0,1,0,0,0,0,0
OG0001507,0,0,0,0,0,0,0,0,0,0,0,1,0,0,0,0,0
OG0001508,0,0,0,0,0,0,0,0,0,0,0,1,0,0,0,0,0
OG0001509,0,0,0,0,0,0,0,0,0,0,0,1,0,0,0,0,0
OG0001510,0,0,0,0,0,0,0,0,0,0,0,1,0,0,0,0,0
OG0001511,0,0,0,0,0,0,0,0,0,0,0,1,0,0,0,0,0
OG0001512,0,0,0,0,0,0,0,0,0,0,0,1,0,0,0,0,0
OG0001513,0,0,0,0,0,0,0,0,0,0,0,1,0,0,0,0,0
OG0001514,0,0,0,0,0,0,0,0,0,0,0,1,0,0,0,0,0
OG0001515,0,0,0,0,0,0,0,0,0,0,0,1,0,0,0,0,0
OG0001516,0,0,0,0,0,0,0,0,0,0,0,1,0,0,0,0,0
OG0001517,0,0,0,0,0,0,0,0,0,0,0,1,0,0,0,0,0
OG0001518,0,0,0,0,0,0,0,0,0,0,0,1,0,0,0,0,0
OG0001519,0,0,0,0,0,0,0,0,0,0,0,1,0,0,0,0,0
OG0001520,0,0,0,0,0,0,0,0,0,0,0,1,0,0,0,0,0
OG0001521,0,0,0,0,0,0,0,0,0,0,0,1,0,0,0,0,0
OG0001522,0,0,0,0,0,0,0,0,0,0,0,1,0,0,0,0,0
OG0001523,0,0,0,0,0,0,0,0,0,0,0,1,0,0,0,0,0
OG0001524,0,0,0,0,0,0,0,0,0,0,0,1,0,0,0,0,0
OG0001525,0,0,0,0,0,0,0,0,0,0,0,1,0,0,0,0,0
OG0001526,0,0,0,0,0,0,0,0,0,0,0,1,0,0,0,0,0
OG0001527,0,0,0,0,0,0,0,0,0,0,0,1,0,0,0,0,0
OG0001528,0,0,0,0,0,0,0,0,0,0,0,0,1,0,0,0,0
OG0001529,0,0,0,0,0,0,0,0,0,0,0,0,1,0,0,0,0
OG0001530,0,0,0,0,0,0,0,0,0,0,0,0,1,0,0,0,0
OG0001531,0,0,0,0,0,0,0,0,0,0,0,0,1,0,0,0,0
OG0001532,0,0,0,0,0,0,0,0,0,0,0,0,1,0,0,0,0
OG0001533,0,0,0,0,0,0,0,0,0,0,0,0,1,0,0,0,0
OG0001534,0,0,0,0,0,0,0,0,0,0,0,0,1,0,0,0,0
OG0001535,0,0,0,0,0,0,0,0,0,0,0,0,1,0,0,0,0
OG0001536,0,0,0,0,0,0,0,0,0,0,0,0,1,0,0,0,0
OG0001537,0,0,0,0,0,0,0,0,0,0,0,0,1,0,0,0,0
OG0001538,0,0,0,0,0,0,0,0,0,0,0,0,1,0,0,0,0
OG0001539,0,0,0,0,0,0,0,0,0,0,0,0,1,0,0,0,0
OG0001540,0,0,0,0,0,0,0,0,0,0,0,0,1,0,0,0,0
OG0001541,0,0,0,0,0,0,0,0,0,0,0,0,1,0,0,0,0
OG0001542,0,0,0,0,0,0,0,0,0,0,0,0,1,0,0,0,0
OG0001543,0,0,0,0,0,0,0,0,0,0,0,0,1,0,0,0,0
OG0001544,0,0,0,0,0,0,0,0,0,0,0,0,1,0,0,0,0
OG0001545,0,0,0,0,0,0,0,0,0,0,0,0,1,0,0,0,0
OG0001546,0,0,0,0,0,0,0,0,0,0,0,0,1,0,0,0,0
OG0001547,0,0,0,0,0,0,0,0,0,0,0,0,1,0,0,0,0
OG0001548,0,0,0,0,0,0,0,0,0,0,0,0,1,0,0,0,0
OG0001549,0,0,0,0,0,0,0,0,0,0,0,0,1,0,0,0,0
OG0001550,0,0,0,0,0,0,0,0,0,0,0,0,1,0,0,0,0
OG0001551,0,0,0,0,0,0,0,0,0,0,0,0,1,0,0,0,0
OG0001552,0,0,0,0,0,0,0,0,0,0,0,0,1,0,0,0,0
OG0001553,0,0,0,0,0,0,0,0,0,0,0,0,1,0,0,0,0
OG0001554,0,0,0,0,0,0,0,0,0,0,0,0,1,0,0,0,0
OG0001555,0,0,0,0,0,0,0,0,0,0,0,0,1,0,0,0,0
OG0001556,0,0,0,0,0,0,0,0,0,0,0,0,1,0,0,0,0
OG0001557,0,0,0,0,0,0,0,0,0,0,0,0,1,0,0,0,0
OG0001558,0,0,0,0,0,0,0,0,0,0,0,0,1,0,0,0,0
OG0001559,0,0,0,0,0,0,0,0,0,0,0,0,1,0,0,0,0
OG0001560,0,0,0,0,0,0,0,0,0,0,0,0,1,0,0,0,0
OG0001561,0,0,0,0,0,0,0,0,0,0,0,0,1,0,0,0,0
OG0001562,0,0,0,0,0,0,0,0,0,0,0,0,1,0,0,0,0
OG0001563,0,0,0,0,0,0,0,0,0,0,0,0,1,0,0,0,0
OG0001564,0,0,0,0,0,0,0,0,0,0,0,0,1,0,0,0,0
OG0001565,0,0,0,0,0,0,0,0,0,0,0,0,1,0,0,0,0
OG0001566,0,0,0,0,0,0,0,0,0,0,0,0,1,0,0,0,0
OG0001567,0,0,0,0,0,0,0,0,0,0,0,0,0,1,0,0,0
OG0001568,0,0,0,0,0,0,0,0,0,0,0,0,0,1,0,0,0
OG0001569,0,0,0,0,0,0,0,0,0,0,0,0,0,1,0,0,0
OG0001570,0,0,0,0,0,0,0,0,0,0,0,0,0,1,0,0,0
OG0001571,0,0,0,0,0,0,0,0,0,0,0,0,0,1,0,0,0
OG0001572,0,0,0,0,0,0,0,0,0,0,0,0,0,1,0,0,0
OG0001573,0,0,0,0,0,0,0,0,0,0,0,0,0,1,0,0,0
OG0001574,0,0,0,0,0,0,0,0,0,0,0,0,0,1,0,0,0
OG0001575,0,0,0,0,0,0,0,0,0,0,0,0,0,1,0,0,0
OG0001576,0,0,0,0,0,0,0,0,0,0,0,0,0,1,0,0,0
OG0001577,0,0,0,0,0,0,0,0,0,0,0,0,0,1,0,0,0
OG0001578,0,0,0,0,0,0,0,0,0,0,0,0,0,1,0,0,0
OG0001579,0,0,0,0,0,0,0,0,0,0,0,0,0,1,0,0,0
OG0001580,0,0,0,0,0,0,0,0,0,0,0,0,0,1,0,0,0
OG0001581,0,0,0,0,0,0,0,0,0,0,0,0,0,1,0,0,0
OG0001582,0,0,0,0,0,0,0,0,0,0,0,0,0,1,0,0,0
OG0001583,0,0,0,0,0,0,0,0,0,0,0,0,0,1,0,0,0
OG0001584,0,0,0,0,0,0,0,0,0,0,0,0,0,1,0,0,0
OG0001585,0,0,0,0,0,0,0,0,0,0,0,0,0,1,0,0,0
OG0001586,0,0,0,0,0,0,0,0,0,0,0,0,0,1,0,0,0
OG0001587,0,0,0,0,0,0,0,0,0,0,0,0,0,0,1,0,0
OG0001588,0,0,0,0,0,0,0,0,0,0,0,0,0,0,1,0,0
OG0001589,0,0,0,0,0,0,0,0,0,0,0,0,0,0,1,0,0
OG0001590,0,0,0,0,0,0,0,0,0,0,0,0,0,0,1,0,0
OG0001591,0,0,0,0,0,0,0,0,0,0,0,0,0,0,1,0,0
OG0001592,0,0,0,0,0,0,0,0,0,0,0,0,0,0,1,0,0
OG0001593,0,0,0,0,0,0,0,0,0,0,0,0,0,0,1,0,0
OG0001594,0,0,0,0,0,0,0,0,0,0,0,0,0,0,1,0,0
OG0001595,0,0,0,0,0,0,0,0,0,0,0,0,0,0,1,0,0
OG0001596,0,0,0,0,0,0,0,0,0,0,0,0,0,0,1,0,0
OG0001597,0,0,0,0,0,0,0,0,0,0,0,0,0,0,1,0,0
OG0001598,0,0,0,0,0,0,0,0,0,0,0,0,0,0,1,0,0
OG0001599,0,0,0,0,0,0,0,0,0,0,0,0,0,0,0,1,0
OG0001600,0,0,0,0,0,0,0,0,0,0,0,0,0,0,0,1,0
OG0001601,0,0,0,0,0,0,0,0,0,0,0,0,0,0,0,1,0
OG0001602,0,0,0,0,0,0,0,0,0,0,0,0,0,0,0,1,0
OG0001603,0,0,0,0,0,0,0,0,0,0,0,0,0,0,0,1,0
OG0001604,0,0,0,0,0,0,0,0,0,0,0,0,0,0,0,1,0
OG0001605,0,0,0,0,0,0,0,0,0,0,0,0,0,0,0,1,0
OG0001606,0,0,0,0,0,0,0,0,0,0,0,0,0,0,0,1,0
OG0001607,0,0,0,0,0,0,0,0,0,0,0,0,0,0,0,1,0
OG0001608,0,0,0,0,0,0,0,0,0,0,0,0,0,0,0,1,0
OG0001609,0,0,0,0,0,0,0,0,0,0,0,0,0,0,0,1,0
OG0001610,0,0,0,0,0,0,0,0,0,0,0,0,0,0,0,1,0
OG0001611,0,0,0,0,0,0,0,0,0,0,0,0,0,0,0,1,0
OG0001612,0,0,0,0,0,0,0,0,0,0,0,0,0,0,0,1,0
OG0001613,0,0,0,0,0,0,0,0,0,0,0,0,0,0,0,1,0
OG0001614,0,0,0,0,0,0,0,0,0,0,0,0,0,0,0,1,0
OG0001615,0,0,0,0,0,0,0,0,0,0,0,0,0,0,0,1,0
OG0001616,0,0,0,0,0,0,0,0,0,0,0,0,0,0,0,1,0
OG0001617,0,0,0,0,0,0,0,0,0,0,0,0,0,0,0,1,0
OG0001618,0,0,0,0,0,0,0,0,0,0,0,0,0,0,0,1,0
OG0001619,0,0,0,0,0,0,0,0,0,0,0,0,0,0,0,1,0
OG0001620,0,0,0,0,0,0,0,0,0,0,0,0,0,0,0,1,0
OG0001621,0,0,0,0,0,0,0,0,0,0,0,0,0,0,0,1,0
OG0001622,0,0,0,0,0,0,0,0,0,0,0,0,0,0,0,1,0
OG0001623,0,0,0,0,0,0,0,0,0,0,0,0,0,0,0,1,0
OG0001624,0,0,0,0,0,0,0,0,0,0,0,0,0,0,0,1,0
OG0001625,0,0,0,0,0,0,0,0,0,0,0,0,0,0,0,1,0
OG0001626,0,0,0,0,0,0,0,0,0,0,0,0,0,0,0,1,0
OG0001627,0,0,0,0,0,0,0,0,0,0,0,0,0,0,0,1,0
